"rank","name","url","privacy","members_visible","members_numeric","activity_visible","account_status","posting_note","query_source"
"1","Review Cigar Cuba -Xì Gà Đức 🇩🇪 - Séc🇨🇿-Rượu Whisky Chính Hãng Giá Tốt","https://www.facebook.com/groups/132650787459610/","Public","89K","89000","5 posts a day","not_member_join_visible","commercial_or_sales_surface_skip_for_video","whisky cigars; cigar whisky"
"2","Cigar - Ruợu Whisky Chính Hãng Xách Tay Nội Địa Đức 🇩🇪","https://www.facebook.com/groups/1993028647406028/","Public","65K","65000","20+ posts a day","not_member_join_visible","commercial_or_sales_surface_skip_for_video","cigar whisky"
"3","QUÀ BIẾU TẾT _ RƯỢU VANG _ WHISKY _ HỘP QUÀ _ TỦ VÀ DỤNG CỤ RƯỢU _ CIGAR","https://www.facebook.com/groups/846412227877231/","Public","20K","20000","10+ posts a day","already_member","commercial_or_sales_surface_skip_for_video","docs/facebook-cigar-group-targets-100-plus-2026-06-12.csv; whisky cigars; cigar whisky"
"4","Cigars, Whiskey, and Beautiful Women","https://www.facebook.com/groups/230685984153511/","Private","17K","17000","3 unread posts","already_member","already_member_recheck_rules_before_posting","docs/facebook-cigar-group-targets-100-plus-2026-06-12.csv; whiskey cigars; whisky cigars; cigars whiskey; cigar whisky"
"5","Ladies and Gents Cigars & Whiskey","https://www.facebook.com/groups/522041549135810/","Private","16K","16000","25 unread posts","already_member","already_member_recheck_rules_before_posting","docs/facebook-cigar-group-targets-100-plus-2026-06-12.csv; whiskey cigars; whisky cigars; cigars whiskey; bourbon whiskey cigars; cigar whisky"
"6","Bourbon 🥃 and Cigars","https://www.facebook.com/groups/1133047376753408/","Public","11K","11000","Member since June 2026 Visit","already_member","already_member_recheck_rules_before_posting","docs/facebook-cigar-group-targets-100-plus-2026-06-12.csv; bourbon cigars; cigar bourbon; cigars bourbon"
"7","Whisky/Cigar FB Club - Philippines","https://www.facebook.com/groups/838296729657411/","Public","10K","10000","4 posts a day","not_member_join_visible","combo cigar-and-spirits group; recheck rules before action","whisky cigars; cigar whisky"
"8","WoMen Whiskey&Cigars","https://www.facebook.com/groups/347587179609002/","Private","4.9K","4900","2 posts a day","not_member_join_visible","rules_unchecked","docs/facebook-cigar-group-targets-100-plus-2026-06-12.csv; whiskey cigars; whisky cigars; cigars whiskey; bourbon whiskey cigars; cigars bourbon; cigar whisky"
"9","Cigars,Whiskey Club","https://www.facebook.com/groups/cigarwomen/","Public","3.2K","3200","","already_member","rules_unchecked","docs/facebook-cigar-group-targets-100-plus-2026-06-12.csv; whisky cigars; cigars whiskey; cigar whisky"
"10","Cigar, Sounds & Spirits","https://www.facebook.com/groups/2311885332222456/","Private","2.4K","2400","2 posts a day","not_member_join_visible","rules_unchecked","docs/facebook-cigar-group-targets-100-plus-2026-06-12.csv; cigar spirits"
"11","Bourbon and Cigars Lovers","https://www.facebook.com/groups/848932042475785/","Public","2.2K","2200","","already_member","rules_unchecked","docs/facebook-cigar-group-targets-100-plus-2026-06-12.csv; bourbon cigars; bourbon whiskey cigars; cigar bourbon; cigars bourbon"
"12","Bourbon and Cigar Lovers","https://www.facebook.com/groups/893619259170446/","Public","2.1K","2100","","not_member_join_visible","combo cigar-and-spirits group; recheck rules before action","bourbon whiskey cigars"
"13","Cigars | Cinema | Whiskey","https://www.facebook.com/groups/249234097505592/","Private","2K","2000","20+ posts a day","not_member_join_visible","rules_unchecked","docs/facebook-cigar-group-targets-100-plus-2026-06-12.csv; bourbon cigars; whiskey cigars; whisky cigars; cigars whiskey; bourbon whiskey cigars; cigar bourbon; cigars bourbon; cigar whisky"
"14","DIVINE LEAF LLC Cigars and Bourbons","https://www.facebook.com/groups/373043077998264/","Private","1.6K","1600","7 posts a day","not_member_join_visible","rules_unchecked","docs/facebook-cigar-group-targets-100-plus-2026-06-12.csv; bourbon cigars; cigar bourbon; cigar spirits; cigars bourbon"
"15","STL Bourbon & Cigar Society","https://www.facebook.com/groups/993229818035511/","Public","1.6K","1600","3 posts a day","not_member_join_visible","combo cigar-and-spirits group; recheck rules before action","bourbon cigars; cigar bourbon; cigars bourbon"
"16","Cigars, Cocktails & Wines","https://www.facebook.com/groups/968750776989620/","Public","1.5K","1500","2 posts a day","already_member","rules_unchecked","docs/facebook-cigar-group-targets-100-plus-2026-06-12.csv"
"17","Whisky & Cigar Society Thailand","https://www.facebook.com/groups/242865579227541/","Public","1.5K","1500","3 posts a day","not_member_join_visible","combo cigar-and-spirits group; recheck rules before action","whisky cigars; cigar whisky"
"18","Louisiana Bourbon & Cigar","https://www.facebook.com/groups/392274935393234/","Private","1.4K","1400","3 posts a day","not_member_join_visible","combo cigar-and-spirits group; recheck rules before action","bourbon cigars; cigar bourbon; cigars bourbon"
"19","Cigar & Whiskey Lovers","https://www.facebook.com/groups/cigarloversclubs/","Public","1.3K","1300","2 posts a day","already_member","rules_unchecked","docs/facebook-cigar-group-targets-100-plus-2026-06-12.csv; whisky cigars; cigars whiskey; cigar whisky"
"20","Whisky, Cigars and Cool Adventures","https://www.facebook.com/groups/308510366542791/","Public","839","839","","not_member_join_visible","combo cigar-and-spirits group; recheck rules before action","whisky cigars; cigar whisky"
"21","The Bourbon Whisky and Cigars page","https://www.facebook.com/groups/1169458394011678/","Private","694","694","5 posts a day","not_member_join_visible","commercial_or_sales_surface_skip_for_video","docs/facebook-cigar-group-targets-100-plus-2026-06-12.csv; bourbon cigars; whiskey cigars; whisky cigars; cigars whiskey; bourbon whiskey cigars; cigar bourbon; cigar spirits; cigars bourbon; cigar whisky"
"22","Friends of Castro’s Cigars & Cocktail Lounge","https://www.facebook.com/groups/786839186357002/","Public","684","684","","not_member_join_visible","rules_unchecked","docs/facebook-cigar-group-targets-100-plus-2026-06-12.csv; bourbon cigars; whisky cigars; bourbon whiskey cigars; cigar bourbon; cigars bourbon; cigar whisky"
"23","Cigar - whisky - cognac Sách Tay Chính Hãng","https://www.facebook.com/groups/muavabankhoianh/","Public","595","595","3 posts a day","not_member_join_visible","commercial_or_sales_surface_skip_for_video","cigar whisky"
"24","Cigars, Spirits(Bourbon), Golf and USA","https://www.facebook.com/groups/588230630615128/","Public","575","575","10+ posts a day","not_member_join_visible","rules_unchecked","docs/facebook-cigar-group-targets-100-plus-2026-06-12.csv; bourbon cigars; whisky cigars; bourbon whiskey cigars; cigar bourbon; cigar spirits; cigars bourbon; cigar whisky"
"25","Bourbon, Whiskey & Cigar Everything","https://www.facebook.com/groups/167611782950667/","Public","569","569","","not_member_join_visible","combo cigar-and-spirits group; recheck rules before action","bourbon whiskey cigars"
"26","Singapore Whisky & Cigar Club","https://www.facebook.com/groups/sgwhiskyandcigar/","Public","555","555","","not_member_join_visible","combo cigar-and-spirits group; recheck rules before action","whisky cigars; cigar whisky"
"27","Cigars, Whiskey & Winning","https://www.facebook.com/groups/583192389510934/","Private","525","525","3 posts a day","not_member_join_visible","combo cigar-and-spirits group; recheck rules before action","whisky cigars"
"28","Veteran’s Bourbons and Cigars","https://www.facebook.com/groups/1500816627442254/","Public","413","413","4 posts a day","not_member_join_visible","combo cigar-and-spirits group; recheck rules before action","bourbon cigars; whiskey cigars; whisky cigars; cigars whiskey; bourbon whiskey cigars; cigar bourbon; cigars bourbon"
"29","Cigars, Whiskey, and Beautiful Women","https://www.facebook.com/groups/328814802944038/","Public","397","397","","not_member_join_visible","content-fit caution; verify brand-safety before posting","whiskey cigars; whisky cigars; cigars whiskey; cigar whisky"
"30","Estrella Cigar & Whiskey Society","https://www.facebook.com/groups/ecwsociety/","Private","371","371","","not_member_join_visible","combo cigar-and-spirits group; recheck rules before action","whiskey cigars; whisky cigars; cigars whiskey; cigar whisky"
"31","Whiskey, Cigars and BBQ","https://www.facebook.com/groups/TxBourbonScotchWhiskeyLovers/","Public","301","301","","not_member_join_visible","combo cigar-and-spirits group; recheck rules before action","whiskey cigars; whisky cigars"
"32","Women, Whiskey and Cigars","https://www.facebook.com/groups/525687544714600/","Public","268","268","","not_member_join_visible","combo cigar-and-spirits group; recheck rules before action","whiskey cigars; whisky cigars; cigars whiskey"
"33","Canton Cigar & Bourbon Society","https://www.facebook.com/groups/2108973849568815/","Public","258","258","","not_member_join_visible","combo cigar-and-spirits group; recheck rules before action","bourbon cigars; cigar bourbon; cigars bourbon"
"34","The Cigar and Bourbon Cave","https://www.facebook.com/groups/1626104151903302/","Public","159","159","2 posts a day","not_member_join_visible","combo cigar-and-spirits group; recheck rules before action","bourbon cigars; whiskey cigars; cigars whiskey; bourbon whiskey cigars; cigar bourbon; cigars bourbon"
"35","The Bourbon and Cigar Gathering","https://www.facebook.com/groups/1660296108302942/","Public","136","136","","not_member_join_visible","combo cigar-and-spirits group; recheck rules before action","bourbon cigars; cigar bourbon; cigars bourbon"
"36","Ohio Cigars & Bourbon Events","https://www.facebook.com/groups/466791192553412/","Public","117","117","","not_member_join_visible","combo cigar-and-spirits group; recheck rules before action","bourbon cigars; cigar bourbon; cigars bourbon"
"37","Blunt’s Cigars and Bourbon","https://www.facebook.com/groups/4180590165526647/","Public","89","89","5 posts a day","not_member_join_visible","combo cigar-and-spirits group; recheck rules before action","bourbon cigars; bourbon whiskey cigars; cigar bourbon; cigars bourbon"
"38","Good Folks Bourbon & Cigar Group","https://www.facebook.com/groups/1102309358527785/","Public","87","87","","not_member_join_visible","combo cigar-and-spirits group; recheck rules before action","bourbon cigars; cigar bourbon; cigars bourbon"
"39","The Wight Whisky And Cigar Appreciation Club","https://www.facebook.com/groups/28766769546302610/","Public","82","82","","not_member_join_visible","combo cigar-and-spirits group; recheck rules before action","whisky cigars; cigar whisky"
"40","UT County Cigar, Bourbon, Whiskey Club","https://www.facebook.com/groups/895352595952469/","Private","78","78","","not_member_join_visible","combo cigar-and-spirits group; recheck rules before action","bourbon whiskey cigars"
"41","The Bourbon & Cigar Society","https://www.facebook.com/groups/1793700334950747/","Private","71","71","","not_member_join_visible","combo cigar-and-spirits group; recheck rules before action","bourbon cigars; bourbon whiskey cigars; cigar bourbon; cigars bourbon"
"42","Fort Wayne Bourbon and Cigar Hunters","https://www.facebook.com/groups/9323716777695332/","Public","67","67","","not_member_join_visible","combo cigar-and-spirits group; recheck rules before action","bourbon cigars; cigar bourbon; cigars bourbon"
"43","Bourbon, Cigars & Meat!!","https://www.facebook.com/groups/2270600243347444/","Private","62","62","","not_member_join_visible","combo cigar-and-spirits group; recheck rules before action","bourbon cigars"
"44","Tampa Bay Cigars & Bourbon","https://www.facebook.com/groups/1753005318545913/","Public","57","57","","not_member_join_visible","combo cigar-and-spirits group; recheck rules before action","bourbon cigars; cigar bourbon; cigars bourbon"
"45","Top Shelf Social - Whiskey, Cigars and More!","https://www.facebook.com/groups/1264274152290865/","Private","55","55","","not_member_join_visible","combo cigar-and-spirits group; recheck rules before action","whisky cigars"
"46","Wildflower Ranch Cigar & Bourbon Society","https://www.facebook.com/groups/1491490058632029/","Private","48","48","","not_member_join_visible","combo cigar-and-spirits group; recheck rules before action","bourbon cigars; cigar bourbon; cigars bourbon"
"47","cigars and whiskey","https://www.facebook.com/groups/3904999899765265/","Public","36","36","","not_member_join_visible","combo cigar-and-spirits group; recheck rules before action","whisky cigars; cigars whiskey"
"48","BourbonCars&Cigars","https://www.facebook.com/groups/1980524255836532/","Public","35","35","","not_member_join_visible","combo cigar-and-spirits group; recheck rules before action","bourbon cigars; cigar bourbon; cigars bourbon"
"49","Ovation at Meridian Cigar and Bourbon","https://www.facebook.com/groups/2137621600049719/","Private","28","28","","not_member_join_visible","combo cigar-and-spirits group; recheck rules before action","cigar bourbon"
"50","Whisky, Cigar and Beers","https://www.facebook.com/groups/1339046400746601/","Private","28","28","","not_member_join_visible","combo cigar-and-spirits group; recheck rules before action","whisky cigars; cigar whisky"
"51","Brant Beach Bourbon & Cigar Club","https://www.facebook.com/groups/9061787757202457/","Public","26","26","","not_member_join_visible","combo cigar-and-spirits group; recheck rules before action","bourbon cigars; cigars bourbon"
"52","The Riz Whiskey, Cigars, Car and Food","https://www.facebook.com/groups/1193065379684883/","Private","26","26","","not_member_join_visible","combo cigar-and-spirits group; recheck rules before action","whiskey cigars; whisky cigars; cigars whiskey; cigar whisky"
"53","Golf, Cigars and Whiskey","https://www.facebook.com/groups/422820893831044/","Public","21","21","4 posts a day","not_member_join_visible","combo cigar-and-spirits group; recheck rules before action","whisky cigars"
"54","lost Sierra bourbon and cigars","https://www.facebook.com/groups/1498577138632267/","Private","9","9","","not_member_join_visible","combo cigar-and-spirits group; recheck rules before action","bourbon cigars; cigar bourbon; cigars bourbon"
"55","Cigars & Whiskey Meetup","https://www.facebook.com/groups/2784619838569395/","Private","8","8","","not_member_join_visible","combo cigar-and-spirits group; recheck rules before action","whiskey cigars; whisky cigars; cigars whiskey"
"56","cigar lover&whisky","https://www.facebook.com/groups/1561836551695281/","Public","1","1","","not_member_join_visible","combo cigar-and-spirits group; recheck rules before action","whisky cigars; cigar whisky"
"57","Cigars and Whiskey","https://www.facebook.com/groups/7191838860936680/","Private","","0","","not_member_join_visible","combo cigar-and-spirits group; recheck rules before action","whisky cigars; cigars whiskey"
