"attempt","rank","name","url","members_visible","posting_note","status","detail","timestamp"
"1","3","QUÀ BIẾU TẾT _ RƯỢU VANG _ WHISKY _ HỘP QUÀ _ TỦ VÀ DỤNG CỤ RƯỢU _ CIGAR","https://www.facebook.com/groups/846412227877231/","20K","commercial_or_sales_surface_skip_for_video","already_joined","Reconstructed from completed browser batch console output after timeout reset","2026-06-12T19:49:58.138Z"
"2","4","habanos cigar club","https://www.facebook.com/groups/5819346193/","18K","rules_unchecked","unknown_after_click","Reconstructed from completed browser batch console output after timeout reset","2026-06-12T19:49:58.138Z"
"3","5","Cigarbid.com Fan Page","https://www.facebook.com/groups/743005156649094/","14K","commercial_or_sales_surface_skip_for_video","joined","Reconstructed from completed browser batch console output after timeout reset","2026-06-12T19:49:58.138Z"
"4","6","Hội Cigar Chất Lượng.","https://www.facebook.com/groups/1015932059546283/","13K","rules_unchecked","joined","Reconstructed from completed browser batch console output after timeout reset","2026-06-12T19:49:58.138Z"
"5","9","Cuban Cigar Federation","https://www.facebook.com/groups/927077525341183/","8.2K","rules_unchecked","joined","Reconstructed from completed browser batch console output after timeout reset","2026-06-12T19:49:58.138Z"
"6","10","Rocky Patel Cigars Group","https://www.facebook.com/groups/RockyPatelCigarsGroup/","7.4K","rules_unchecked","joined","Reconstructed from completed browser batch console output after timeout reset","2026-06-12T19:49:58.138Z"
"7","12","Cigar Nutz","https://www.facebook.com/groups/285379605326885/","7.3K","rules_unchecked","joined","Reconstructed from completed browser batch console output after timeout reset","2026-06-12T19:49:58.138Z"
"8","14","Big Boy Cigar Life","https://www.facebook.com/groups/1072046059628397/","6.7K","rules_unchecked","unknown_after_click","Reconstructed from completed browser batch console output after timeout reset","2026-06-12T19:49:58.138Z"
"9","21","Original tobacco, cigar, cigarettes (гаансны тамхи, навчин тамхи, янжуур)","https://www.facebook.com/groups/4859148354169900/","5.4K","commercial_or_sales_surface_skip_for_video","unknown_after_click","Reconstructed from completed browser batch console output after timeout reset","2026-06-12T19:49:58.138Z"
"10","24","Cigar Cuba _ Cigar non ( Chính Hãng - Uy tín tạo niềm tin )","https://www.facebook.com/groups/3049102448630934/","5K","commercial_or_sales_surface_skip_for_video","unknown_after_click","Reconstructed from completed browser batch console output after timeout reset","2026-06-12T19:49:58.138Z"
"11","25","Club Xì Gà ( Cigar ) chính hãng","https://www.facebook.com/groups/712710133391728/","4.9K","commercial_or_sales_surface_skip_for_video","unknown_after_click","Reconstructed from completed browser batch console output after timeout reset","2026-06-12T19:49:58.138Z"
"12","28","Florida Cigar Group","https://www.facebook.com/groups/608101542611234/","4.7K","rules_unchecked","joined","Reconstructed from completed browser batch console output after timeout reset","2026-06-12T19:49:58.138Z"
"13","29","Cigar Club","https://www.facebook.com/groups/772373304049039/","4.5K","rules_unchecked","joined","Reconstructed from completed browser batch console output after timeout reset","2026-06-12T19:49:58.138Z"
"14","30","Philippine Cigar Enthusiasts (PCE)","https://www.facebook.com/groups/162099949278655/","4.5K","rules_unchecked","joined","Reconstructed from completed browser batch console output after timeout reset","2026-06-12T19:49:58.138Z"
"15","32","Cigar family","https://www.facebook.com/groups/780567836810716/","4.3K","rules_unchecked","joined","Reconstructed from completed browser batch console output after timeout reset","2026-06-12T19:49:58.138Z"
"16","33","Cuenca Cigars of Hollywood","https://www.facebook.com/groups/cuencacigars/","4.3K","rules_unchecked","joined","Reconstructed from completed browser batch console output after timeout reset","2026-06-12T19:49:58.138Z"
"17","37","HỘI XÌ GÀ (CIGAR) CUBA - MỸ NGOẠI NHẬP CAO CẤP","https://www.facebook.com/groups/1284272523271425/","4K","rules_unchecked","unknown_after_click","Reconstructed from completed browser batch console output after timeout reset","2026-06-12T19:49:58.138Z"
"18","38","Miami Cigar Lounge","https://www.facebook.com/groups/miamicigarlounge/","3.9K","rules_unchecked","joined","Reconstructed from completed browser batch console output after timeout reset","2026-06-12T19:49:58.138Z"
"19","40","Cigar Aficianados","https://www.facebook.com/groups/185811844784104/","3.5K","rules_unchecked","joined","Reconstructed from completed browser batch console output after timeout reset","2026-06-12T19:49:58.138Z"
"20","41","Cigar Life","https://www.facebook.com/groups/1216743762550281/","3.5K","rules_unchecked","no_join_button","Reconstructed from completed browser batch console output after timeout reset","2026-06-12T19:49:58.138Z"
"21","43","Cigar lovers shop","https://www.facebook.com/groups/720887787540447/","3.3K","rules_unchecked","joined","Reconstructed from completed browser batch console output after timeout reset","2026-06-12T19:49:58.138Z"
"22","44","Cigars Smokers","https://www.facebook.com/groups/CigarsSmokers/","3.3K","rules_unchecked","unknown_after_click","Reconstructed from completed browser batch console output after timeout reset","2026-06-12T19:49:58.138Z"
"23","45","Plasencia Cigar Aficionados","https://www.facebook.com/groups/688100919139313/","3.3K","rules_unchecked","unknown_after_click","Reconstructed from completed browser batch console output after timeout reset","2026-06-12T19:49:58.138Z"
"24","47","Cigars,Whiskey Club","https://www.facebook.com/groups/cigarwomen/","3.2K","rules_unchecked","joined","Reconstructed from completed browser batch console output after timeout reset","2026-06-12T19:49:58.138Z"
"25","51","Smoke Classy Cigar Lifestyle","https://www.facebook.com/groups/210232828290311/","3K","rules_unchecked","joined","Reconstructed from completed browser batch console output after timeout reset","2026-06-12T19:49:58.138Z"
"26","52","The Thunderkats Cigar Group","https://www.facebook.com/groups/228907807644828/","3K","rules_unchecked","joined","Reconstructed from completed browser batch console output after timeout reset","2026-06-12T19:49:58.138Z"
"27","53","Women Who Love Cigars","https://www.facebook.com/groups/2811789292405613/","3K","rules_unchecked","joined","Reconstructed from completed browser batch console output after timeout reset","2026-06-12T19:49:58.138Z"
"28","54","Cigar Accessories by Les Fines Lames","https://www.facebook.com/groups/447049210753568/","2.9K","rules_unchecked","joined","Reconstructed from completed browser batch console output after timeout reset","2026-06-12T19:49:58.138Z"
"29","55","Cigar Aficionados BOTL and SOTL (The Leaf Makes The World Go ‘Round)","https://www.facebook.com/groups/242454582626888/","2.9K","rules_unchecked","joined","Reconstructed from completed browser batch console output after timeout reset","2026-06-12T19:49:58.138Z"
"30","56","Cigar, The Lifestyle & Friendship of Atlanta","https://www.facebook.com/groups/1808959169379659/","2.9K","rules_unchecked","joined","Reconstructed from completed browser batch console output after timeout reset","2026-06-12T19:49:58.138Z"
"31","57","Texas Worldwide Cigar Social Club","https://www.facebook.com/groups/381879882803260/","2.9K","rules_unchecked","joined","Reconstructed from completed browser batch console output after timeout reset","2026-06-12T19:49:58.138Z"
"32","58","Cigar Group 2","https://www.facebook.com/groups/119085851548149/","2.8K","rules_unchecked","joined","Reconstructed from completed browser batch console output after timeout reset","2026-06-12T19:49:58.138Z"
"33","59","Florida Cigar Lovers","https://www.facebook.com/groups/993350998687640/","2.8K","rules_unchecked","joined","Reconstructed from completed browser batch console output after timeout reset","2026-06-12T19:49:58.138Z"
"34","60","Texas premium cigars","https://www.facebook.com/groups/331303081523561/","2.8K","rules_unchecked","joined","Reconstructed from completed browser batch console output after timeout reset","2026-06-12T19:49:58.138Z"
"35","62","Queen City Cigar Fest","https://www.facebook.com/groups/568749817712088/","2.6K","rules_unchecked","joined","Reconstructed from completed browser batch console output after timeout reset","2026-06-12T19:49:58.138Z"
"36","63","The Cigar Connoisseurs","https://www.facebook.com/groups/1502119617384429/","2.6K","rules_unchecked","joined","Reconstructed from completed browser batch console output after timeout reset","2026-06-12T19:49:58.138Z"
"37","65","Black Star Line Cigars","https://www.facebook.com/groups/3567600089970263/","2.5K","rules_unchecked","joined","Reconstructed from completed browser batch console output after timeout reset","2026-06-12T19:49:58.138Z"
"38","68","Cigar Smokers That Post More Than Only Cigars","https://www.facebook.com/groups/467012384195622/","2.4K","rules_unchecked","joined","Reconstructed from completed browser batch console output after timeout reset","2026-06-12T19:49:58.138Z"
"39","69","cigar tamhi sonirhogchid","https://www.facebook.com/groups/650050733300294/","2.4K","rules_unchecked","joined","Reconstructed from completed browser batch console output after timeout reset","2026-06-12T19:49:58.138Z"
"40","70","Smoke and Sip cigar","https://www.facebook.com/groups/913721585695105/","2.3K","rules_unchecked","joined","Reconstructed from completed browser batch console output after timeout reset","2026-06-12T19:49:58.138Z"
"41","72","Bourbon and Cigars Lovers","https://www.facebook.com/groups/848932042475785/","2.2K","rules_unchecked","joined","Reconstructed from completed browser batch console output after timeout reset","2026-06-12T19:49:58.138Z"
"42","73","Dang! Just a bunch of people who like cigars!","https://www.facebook.com/groups/831338026915747/","2.2K","rules_unchecked","unknown_after_click","Reconstructed from completed browser batch console output after timeout reset","2026-06-12T19:49:58.138Z"
"43","74","NY Cigar Smokers Club","https://www.facebook.com/groups/128943639068251/","2.2K","rules_unchecked","joined","Reconstructed from completed browser batch console output after timeout reset","2026-06-12T19:49:58.138Z"
"44","75","Cigar Family","https://www.facebook.com/groups/50413994481/","2.1K","rules_unchecked","joined","Reconstructed from completed browser batch console output after timeout reset","2026-06-12T19:49:58.138Z"
"45","76","Cigars, Cigarillo’s and More","https://www.facebook.com/groups/CigarsCigarillosandMore/","2.1K","rules_unchecked","joined","Reconstructed from completed browser batch console output after timeout reset","2026-06-12T19:49:58.138Z"
"46","77","Kings and Queens of the Royal Leaf Cigar Club","https://www.facebook.com/groups/KingsandQueensoftheRoyalLeafCigarClub/","2.1K","rules_unchecked","unknown_after_click","Reconstructed from completed browser batch console output after timeout reset","2026-06-12T19:49:58.138Z"
"47","78","CIGAR MAFIA","https://www.facebook.com/groups/CIGARMOFIA/","2K","rules_unchecked","joined","Reconstructed from completed browser batch console output after timeout reset","2026-06-12T19:49:58.138Z"
"48","79","Cigar ซิการ์ ซิก้าไทย","https://www.facebook.com/groups/251346278054757/","2K","rules_unchecked","joined","Reconstructed from completed browser batch console output after timeout reset","2026-06-12T19:49:58.138Z"
"49","80","CLE Cigar Company Est. 2012","https://www.facebook.com/groups/446773368689035/","2K","rules_unchecked","joined","Reconstructed from completed browser batch console output after timeout reset","2026-06-12T19:49:58.138Z"
"50","81","Elements Cigar Lounge","https://www.facebook.com/groups/477509717657788/","2K","rules_unchecked","joined","Reconstructed from completed browser batch console output after timeout reset","2026-06-12T19:49:58.138Z"
"51","82","Facebook Cigar Group: Post Cigar Events & News: www.TheCigarNetwork.net","https://www.facebook.com/groups/cigareventsandnews/","2K","event_or_local_context_recheck_fit","joined","Reconstructed from completed browser batch console output after timeout reset","2026-06-12T19:49:58.138Z"
"52","83","Grown Smokes Business Cigar Group","https://www.facebook.com/groups/1643916089136775/","1.9K","rules_unchecked","joined","Reconstructed from completed browser batch console output after timeout reset","2026-06-12T19:49:58.138Z"
"53","84","Cigar Talk Podcast","https://www.facebook.com/groups/258321875092252/","1.8K","rules_unchecked","joined","Reconstructed from completed browser batch console output after timeout reset","2026-06-12T19:49:58.138Z"
"54","87","Cigars Smoking OG’S","https://www.facebook.com/groups/695283189886802/","1.7K","rules_unchecked","unknown_after_click","Reconstructed from completed browser batch console output after timeout reset","2026-06-12T19:49:58.138Z"
"55","88","Harper’s Cigar Lounge","https://www.facebook.com/groups/734755004720915/","1.7K","rules_unchecked","unknown_after_click","Reconstructed from completed browser batch console output after timeout reset","2026-06-12T19:49:58.138Z"
"56","89","Cigar Aficionados","https://www.facebook.com/groups/569683023063268/","1.6K","rules_unchecked","joined","Reconstructed from completed browser batch console output after timeout reset","2026-06-12T19:49:58.138Z"
"57","90","Cigars & Roses","https://www.facebook.com/groups/1767788400108870/","1.6K","rules_unchecked","joined","Reconstructed from completed browser batch console output after timeout reset","2026-06-12T19:49:58.138Z"
"58","91","Cigars & Shoe Gallery","https://www.facebook.com/groups/467667114984291/","1.6K","rules_unchecked","joined","Reconstructed from completed browser batch console output after timeout reset","2026-06-12T19:49:58.138Z"
"59","92","Cigar Aficionados","https://www.facebook.com/groups/24448821278059176/","1.5K","rules_unchecked","joined","Reconstructed from completed browser batch console output after timeout reset","2026-06-12T19:49:58.138Z"
"60","93","Cigar Boxes for Sale + CBG Buy, Sell, Trade","https://www.facebook.com/groups/876355316052375/","1.5K","commercial_or_sales_surface_skip_for_video","already_joined","Joined button visible on load","2026-06-12T19:50:12.155Z"
"61","94","Cigars, Cocktails & Wines","https://www.facebook.com/groups/968750776989620/","1.5K","rules_unchecked","already_joined","Joined button visible on load","2026-06-12T19:50:20.282Z"
"62","95","THE CHICAGO CIGAR SMOKERS","https://www.facebook.com/groups/48147677777/","1.5K","rules_unchecked","already_joined","Joined button visible on load","2026-06-12T19:50:28.475Z"
"63","96","The Cigar Lounge","https://www.facebook.com/groups/485833306049455/","1.5K","rules_unchecked","already_joined","Joined button visible on load","2026-06-12T19:50:35.930Z"
"64","97","38 Cigar Club","https://www.facebook.com/groups/135223293322655/","1.4K","rules_unchecked","joined","Button changed to Joined","2026-06-12T19:51:01.270Z"
"65","100","7 Smoke Cigar Club","https://www.facebook.com/groups/857419759778771/","1.3K","rules_unchecked","joined","Button changed to Joined","2026-06-12T19:51:14.980Z"
"66","101","Cigar & Whiskey Lovers","https://www.facebook.com/groups/cigarloversclubs/","1.3K","rules_unchecked","joined","Button changed to Joined","2026-06-12T19:51:27.590Z"
"67","102","Cigar Portal","https://www.facebook.com/groups/430335334198195/","1.3K","rules_unchecked","joined","Button changed to Joined","2026-06-12T19:51:40.285Z"
"68","103","The Cigar Lounge🍷","https://www.facebook.com/groups/1252914098596360/","1.3K","rules_unchecked","unknown_after_click","Join clicked; no clear Joined/Pending/Limit state detected","2026-06-12T19:52:02.577Z"
"69","104","The Cigar Network - CIGAR OF THE MONTH","https://www.facebook.com/groups/2365834893758728/","1.3K","rules_unchecked","unknown_after_click","Join clicked; no clear Joined/Pending/Limit state detected","2026-06-12T19:52:15.977Z"
"70","105","Charlie's Cigar Corner","https://www.facebook.com/groups/903079211275707/","1.2K","rules_unchecked","joined","Button changed to Joined","2026-06-12T19:52:28.437Z"
"71","106","Grouchy Monkey Cigar Group","https://www.facebook.com/groups/1290750338747455/","1.2K","rules_unchecked","joined","Button changed to Joined","2026-06-12T19:52:43.124Z"
"72","107","Houston Cigar Crew","https://www.facebook.com/groups/498579895408976/","1.2K","rules_unchecked","joined","Button changed to Joined","2026-06-12T19:53:05.170Z"
"73","108","The Kings Of Smoke (A Cigar Club)","https://www.facebook.com/groups/474255442686922/","1.2K","rules_unchecked","joined","Button changed to Joined","2026-06-12T19:53:18.013Z"
"74","110","Canada Cigar Club","https://www.facebook.com/groups/834511081518907/","1.1K","rules_unchecked","joined","Button changed to Joined","2026-06-12T19:53:30.227Z"
"75","111","Cigar Smoke","https://www.facebook.com/groups/999982871139412/","1.1K","rules_unchecked","joined","Button changed to Joined","2026-06-12T19:53:43.056Z"
"76","112","Cigars world's and chat","https://www.facebook.com/groups/633239508269208/","1.1K","rules_unchecked","joined","Button changed to Joined","2026-06-12T19:54:02.994Z"
"77","113","Dallas Leaf Cigar Club","https://www.facebook.com/groups/DallasLeafCigarClub/","1.1K","rules_unchecked","joined","Button changed to Joined","2026-06-12T19:54:15.934Z"
"78","115","Bleux Cigar & Podcast Lounge","https://www.facebook.com/groups/1046649229899466/","1K","rules_unchecked","unknown_after_click","Join clicked; no clear Joined/Pending/Limit state detected","2026-06-12T19:54:29.044Z"
"79","116","Cigar Smokers","https://www.facebook.com/groups/721589537415689/","1K","rules_unchecked","joined","Button changed to Joined","2026-06-12T19:54:41.554Z"
"80","117","Cigar Smokers Syndicate","https://www.facebook.com/groups/492385224835308/","1K","rules_unchecked","joined","Button changed to Joined","2026-06-12T19:55:02.002Z"
"81","118","The Cigar Vault Family","https://www.facebook.com/groups/thecigarvaultfamily/","971","rules_unchecked","joined","Button changed to Joined","2026-06-12T19:55:16.003Z"
"82","119","Cigar Snobs","https://www.facebook.com/groups/1118738819710785/","948","rules_unchecked","joined","Button changed to Joined","2026-06-12T19:55:55.776Z"
