publish_date,channel,target_channels,content_type,theme,draft_copy,asset,cta,compliance_notes,status
2026-06-09,Page,Facebook Page + Facebook Group,infographic,How to ash a cigar,"How to ash a cigar without making it a performance. Let it build until the ash looks heavy, move over the tray before it releases, roll gently against the tray edge, and reset the rest before continuing. What habit made your ash cleaner? 21+ only.",Visual guide set: C:/Users/qfash/Documents/New project/output/social/facebook-planner-month-2026-06-09/how-to-ash-expanded-guide/01-how-to-ash-cover-4x5.jpg plus step cards 02-05 and contact sheet; updated Page asset: C:/Users/qfash/Documents/New project/output/social/facebook-planner-month-2026-06-09/page-assets/2026-06-09-how-to-ash-a-cigar-fb-page-4x5.jpg,Comment with one ash habit,Adult 21+ only; education only; no marketplace/pricing/inventory/health-claim language,scheduled:facebook_page=1148511071677542_122104372509350335; facebook_group=published:https://www.facebook.com/groups/1702820237822858/posts/1709921623779386/; external_groups_published=tap_n_ash:https://www.facebook.com/groups/707157250579467/posts/1667674117861104/|cigar_connoisseurs:https://www.facebook.com/groups/455005309068497/posts/1679893046579711/|black_cigar_smokers:https://www.facebook.com/groups/942621596899397/posts/1753941479100734/; caption_refreshed_2026-06-09
2026-06-10,Group,Facebook Page + Facebook Group,discussion prompt,Ash habits,"Ash thread: do you tap early, let it ride, or wait until the cigar tells you? Share the cue you watch: ash weight, burn line, tray position, or mess control. 21+ only.",Luxury prompt image: cigar rest and ashtray with short question overlay plus a visual detail card or step image before posting,Share your ash habit,Adult 21+ only; group discussion; no marketplace/pricing/inventory/health-claim language,planned:needs-group-asset-and-group-post; copy_expanded_2026-06-09
2026-06-11,Page,Facebook Page + Facebook Group,infographic,Wrapper meaning,"Wrapper meaning in plain language: color gives clues, not a verdict. Look at shade, feel, aroma, and how the first inch behaves. Ask what changed because of the wrapper, and what came from the full blend. Which wrapper taught you the most? 21+ only.",Detailed visual guide set required for this topic: keep the scheduled Page image (C:/Users/qfash/Documents/New project/output/social/facebook-planner-month-2026-06-09/page-assets/2026-06-11-wrapper-meaning-fb-page-4x5.jpg) and add 3-5 step/detail cards before reposting or future scheduling.,Comment with a wrapper note,Adult 21+ only; education only; avoid absolute strength/quality claims; no marketplace language,scheduled:facebook_page=1148511071677542_122104372623350335; facebook_group=planned; caption_refreshed_2026-06-09
2026-06-12,Group,Facebook Page + Facebook Group,discussion prompt,Wrapper preferences,"Wrapper question: do you notice color first, aroma first, or the first inch first? Add the visual cue you look for: shade, sheen, texture, or how the wrapper feels before lighting. 21+ only.",Luxury 1:1 prompt image: three unbranded cigars with distinct wrapper tones plus a visual detail card or step image before posting,Comment with what you notice first,Adult 21+ only; subjective palate discussion; no product claims,planned:needs-group-asset-and-group-post; copy_expanded_2026-06-09
2026-06-13,Page,Facebook Page + Facebook Group,infographic,Cut styles,"Cut guide: inspect the cap first, cut just enough to open the draw, and stop before the shoulder unravels. Straight cut opens broadly, V cut focuses the draw, and punch cut keeps a smaller opening. Which cut do you trust most? 21+ only.",Detailed visual guide set required for this topic: keep the scheduled Page image (C:/Users/qfash/Documents/New project/output/social/facebook-planner-month-2026-06-09/page-assets/2026-06-13-cut-styles-fb-page-4x5.jpg) and add 3-5 step/detail cards before reposting or future scheduling.,Comment with your trusted cut,Adult 21+ only; education only; no marketplace language,scheduled:facebook_page=1148511071677542_122104372695350335; facebook_group=planned; caption_refreshed_2026-06-09
2026-06-14,Group,Facebook Page + Facebook Group,discussion prompt,Cut and draw,"Technique thread: what small cut or draw habit made cigars more consistent for you? Mention the tool, the cap line, or the moment you stop cutting. 21+ only.","Luxury prompt image: cutter, cap detail, and notebook over leather",Share one technique habit,Adult 21+ only; practical education; no health or sales claims,planned:needs-group-asset-and-group-post; copy_expanded_2026-06-09
2026-06-15,Page,Facebook Page + Facebook Group,infographic,Humidor consistency,"Humidor consistency: log the number, the swing, and how the cigars feel. A steady range matters more than chasing one perfect snapshot. Check seal, packs, cedar, and temperature before making big changes. What do you watch most? 21+ only.",Detailed visual guide set required for this topic: keep the scheduled Page image (C:/Users/qfash/Documents/New project/output/social/facebook-planner-month-2026-06-09/page-assets/2026-06-15-humidor-consistency-fb-page-4x5.jpg) and add 3-5 step/detail cards before reposting or future scheduling.,Comment with what you track,Adult 21+ only; storage education; no product or performance claims,scheduled:facebook_page=1148511071677542_122104372779350335; facebook_group=planned; caption_refreshed_2026-06-09
2026-06-16,Group,Facebook Page + Facebook Group,weekly thread,Humidor check,"Weekly humidor check: what is steady, what is drifting, and what did the week teach you? Add the number, the swing, or the physical cue you trust most. 21+ only.",Luxury 1:1 humidor check card with cedar and brass details,Share your check-in,Adult 21+ only; storage discussion; no marketplace language,planned:needs-group-asset-and-group-post; copy_expanded_2026-06-09
2026-06-17,Page,Facebook Page + Facebook Group,infographic,Strength vs body,"Strength is not a wrapper-color ladder. Nicotine impact comes from the full blend: filler, binder, wrapper, priming, origin, fermentation, aging, size, and pace. This guide uses generated photo-realistic cigar scenes with brand-band cues such as Undercrown Shade, Olmec Maduro, Tabernacle, My Father Blue, Don Pepin, Aging Room Quattro, H99, and Nica Rustica Connecticut. What cigar taught you that color does not tell the whole story? 21+ only.",Ready visual guide set with generated photo-realistic source images and brand-band cue overlays, no product tiles: C:/Users/qfash/Documents/New project/output/social/facebook-planner-month-2026-06-09/strength-is-the-blend-guide/01-strength-is-the-blend-cover-4x5.jpg plus detail cards 02-06 and contact sheet; feed voiceover slideshow video C:/Users/qfash/Documents/New project/output/social/facebook-planner-month-2026-06-09/strength-is-the-blend-guide/video-assets/strength-is-the-blend-feed-slideshow-voiceover.mp4; story cards in story-assets; story voiceover slideshow video C:/Users/qfash/Documents/New project/output/social/facebook-planner-month-2026-06-09/strength-is-the-blend-guide/video-assets/strength-is-the-blend-story-slideshow-voiceover.mp4; verification C:/Users/qfash/Documents/New project/output/social/facebook-planner-month-2026-06-09/strength-is-the-blend-guide/video-assets/strength-is-the-blend-slideshow-video-verification.json; publish manifest C:/Users/qfash/Documents/New project/output/social/facebook-planner-month-2026-06-09/strength-is-the-blend-guide/video-assets/strength-is-the-blend-facebook-video-publish.json; HeyGen avatar lesson lead polished video C:/Users/qfash/Documents/New project/output/social/facebook-planner-month-2026-06-09/strength-is-the-blend-guide/video-assets/strength-is-the-blend-heygen-avatar-lead-polished-720x1280.mp4; HeyGen avatar manifest C:/Users/qfash/Documents/New project/output/social/facebook-planner-month-2026-06-09/strength-is-the-blend-guide/video-assets/strength-is-the-blend-heygen-avatar-lead-manifest.json; scheduled Page replacement cover refreshed locally at C:/Users/qfash/Documents/New project/output/social/facebook-planner-month-2026-06-09/page-assets/2026-06-17-strength-vs-body-fb-page-4x5.jpg; caption file C:/Users/qfash/Documents/New project/output/social/facebook-planner-month-2026-06-09/strength-is-the-blend-guide/facebook-caption-strength-is-the-blend.txt,Comment with what color did not explain,Adult 21+ only; education only; subjective notes; no marketplace/pricing/inventory/giveaway/sample/order-request/health-claim language,scheduled:facebook_page=1148511071677542_122104372833350335; facebook_group=planned; caption_refreshed_2026-06-09; detailed_strength_blend_photoreal_band_guide_ready_2026-06-10; voiceover_slideshow_videos_ready_2026-06-10; heygen_avatar_lesson_lead_ready_2026-06-11; live_page_video=1335402401869657; live_page_video_url=https://www.facebook.com/reel/1335402401869657/; live_page_video_published_2026-06-10
2026-06-18,Group,Facebook Page + Facebook Group,discussion prompt,Flavor words,"Tasting notes thread: choose one word from your last cigar, then add what made you pick it: aroma, texture, finish, or pairing. 21+ only.",Luxury tasting word prompt image over notebook and fountain pen plus a visual detail card or step image before posting,Comment with one word,Adult 21+ only; subjective tasting notes; no marketplace language,planned:needs-group-asset-and-group-post; copy_expanded_2026-06-09
2026-06-19,Page,Facebook Page + Facebook Group,infographic,Toast and light,"Toast and light guide: warm the foot before the first draw, rotate for an even glow, then take a few calm puffs to confirm the burn. Do not scorch the wrapper or rush the first inch. What is your lighting habit? 21+ only.",Detailed visual guide set required for this topic: keep the scheduled Page image (C:/Users/qfash/Documents/New project/output/social/facebook-planner-month-2026-06-09/page-assets/2026-06-19-toast-and-light-fb-page-4x5.jpg) and add 3-5 step/detail cards before reposting or future scheduling.,Comment with your lighting habit,Adult 21+ only; education only; no claim language,scheduled:facebook_page=1148511071677542_122104372911350335; facebook_group=planned; caption_refreshed_2026-06-09
2026-06-20,Group,Facebook Page + Facebook Group,discussion prompt,Lounge etiquette,"Lounge etiquette thread: what is one small habit that makes the whole room better? Think tray use, conversation, chair spacing, and how you welcome a new adult smoker. 21+ only.","Luxury lounge prompt image with chairs, ashtray, and restrained copy plus a visual detail card or step image before posting",Share one lounge habit,Adult 21+ only; community standards; no marketplace/pricing/inventory language,planned:needs-group-asset-and-group-post; copy_expanded_2026-06-09
2026-06-21,Page,Facebook Page + Facebook Group,infographic,Pairing wheel,"Pairing guide: choose one lane - contrast, echo, or cleanse. Coffee can echo roast, water can reset the palate, and a small bite can frame sweetness or spice. Keep it responsible and descriptive. Which lane do you usually choose? 21+ only.",Detailed visual guide set required for this topic: keep the scheduled Page image (C:/Users/qfash/Documents/New project/output/social/facebook-planner-month-2026-06-09/page-assets/2026-06-21-pairing-wheel-fb-page-4x5.jpg) and add 3-5 step/detail cards before reposting or future scheduling.,Comment with your pairing lane,Adult 21+ only; responsible pairing language; avoid overconsumption framing,scheduled:facebook_page=1148511071677542_122104372977350335; facebook_group=planned; caption_refreshed_2026-06-09
2026-06-22,Group,Facebook Page + Facebook Group,discussion prompt,Pairing notes,"Pairing thread: what setting, drink, or small bite surprised you in a good way with a cigar? Name the lane: contrast, echo, or cleanse, and keep it responsible. 21+ only.","Luxury prompt image: glassware, coffee cup, and cigar rest with no brand labels plus a visual detail card or step image before posting",Share a pairing note,Adult 21+ only; responsible discussion; no sales or health claims,planned:needs-group-asset-and-group-post; copy_expanded_2026-06-09
2026-06-23,Page,Facebook Page + Facebook Group,infographic,Rest timeline,"Rest timeline: write the date, storage feel, first draw impression, and what changed after a revisit. The point is learning what time did to the cigar. What do you write down before you forget? 21+ only.",Detailed visual guide set required for this topic: keep the scheduled Page image (C:/Users/qfash/Documents/New project/output/social/facebook-planner-month-2026-06-09/page-assets/2026-06-23-rest-timeline-fb-page-4x5.jpg) and add 3-5 step/detail cards before reposting or future scheduling.,Comment with one tracking habit,Adult 21+ only; storage and notes education; no inventory language,scheduled:facebook_page=1148511071677542_122104373031350335; facebook_group=planned; caption_refreshed_2026-06-09
2026-06-24,Group,Facebook Page + Facebook Group,discussion prompt,What are you resting,"What are you letting rest right now, and what are you hoping changes when you revisit it? Add the date, storage feel, and one note you want to compare later. No prices, no trades, just notes. 21+ only.",Luxury 1:1 prompt image: closed humidor drawer and handwritten note card plus a visual detail card or step image before posting,Share the rest story,Adult 21+ only; no trading/pricing/inventory; subjective discussion,planned:needs-group-asset-and-group-post; copy_expanded_2026-06-09
2026-06-25,Page,Facebook Page + Facebook Group,infographic,Ash color myth,"Ash color guide: color can be interesting, but it does not grade the cigar by itself. Watch structure, burn line, flake, and how the draw behaves with your palate notes. What do you watch? 21+ only.",Detailed visual guide set required for this topic: keep the scheduled Page image (C:/Users/qfash/Documents/New project/output/social/facebook-planner-month-2026-06-09/page-assets/2026-06-25-ash-color-myth-fb-page-4x5.jpg) and add 3-5 step/detail cards before reposting or future scheduling.,Comment with what you watch,Adult 21+ only; education only; avoids quality certainty claims; no marketplace language,scheduled:facebook_page=1148511071677542_122104373085350335; facebook_group=planned; caption_refreshed_2026-06-09
2026-06-26,Group,Facebook Page + Facebook Group,discussion prompt,Ash questions,"Ash question: what is the messiest lesson a cigar ever taught you? Share the fix: wait longer, move over the tray, roll softer, or clean the rest first. 21+ only.",Luxury prompt image: ashtray detail and small clean-up cloth,Share one useful lesson,Adult 21+ only; practical discussion; no claims or marketplace language,planned:needs-group-asset-and-group-post; copy_expanded_2026-06-09
2026-06-27,Page,Facebook Page + Facebook Group,infographic,Cigar anatomy,"Cigar anatomy guide: wrapper brings surface aroma and texture, binder helps structure, and filler carries much of the blend rhythm. Add cap, foot, draw, and burn line to your vocabulary. What part are you learning now? 21+ only.",Detailed visual guide set required for this topic: keep the scheduled Page image (C:/Users/qfash/Documents/New project/output/social/facebook-planner-month-2026-06-09/page-assets/2026-06-27-cigar-anatomy-fb-page-4x5.jpg) and add 3-5 step/detail cards before reposting or future scheduling.,Comment with what you are learning,Adult 21+ only; education only; no sales language,scheduled:facebook_page=1148511071677542_122104373157350335; facebook_group=planned; caption_refreshed_2026-06-09
2026-06-28,Group,Facebook Page + Facebook Group,discussion prompt,Anatomy question,"Anatomy thread: wrapper, binder, filler, cap, foot, draw, burn line. Which term clicked for you last, and what visual cue helped it make sense? 21+ only.",Luxury 1:1 prompt image with labeled cigar silhouette and minimal copy plus a visual detail card or step image before posting,Ask or answer one term,Adult 21+ only; beginner-friendly education; no marketplace language,planned:needs-group-asset-and-group-post; copy_expanded_2026-06-09
2026-06-29,Page,Facebook Page + Facebook Group,infographic,Shape and ring gauge,"Shape and ring gauge guide: size changes draw, temperature, pace, and how much wrapper you notice. Compare one variable at a time before deciding what format fits you. Which size do you keep coming back to? 21+ only.",Detailed visual guide set required for this topic: keep the scheduled Page image (C:/Users/qfash/Documents/New project/output/social/facebook-planner-month-2026-06-09/page-assets/2026-06-29-shape-and-ring-gauge-fb-page-4x5.jpg) and add 3-5 step/detail cards before reposting or future scheduling.,Comment with your usual shape,Adult 21+ only; education only; subjective framing,scheduled:facebook_page=1148511071677542_122104373241350335; facebook_group=planned; caption_refreshed_2026-06-09
2026-06-30,Group,Facebook Page + Facebook Group,discussion prompt,Shape preference,"Shape thread: robusto, toro, lancero, box-pressed, or something else. What format taught you the most about pace, draw, temperature, or wrapper character? 21+ only.",Luxury prompt image: elegant silhouettes with one focal cigar rest plus a visual detail card or step image before posting,Share your format,Adult 21+ only; discussion only; no marketplace language,planned:needs-group-asset-and-group-post; copy_expanded_2026-06-09
2026-07-01,Page,Facebook Page + Facebook Group,infographic,Tasting notes without snobbery,"Tasting notes guide: notice first, name second, compare third. Start with texture, aroma, finish, and one familiar word instead of forcing a fancy note. What note do you actually trust? 21+ only.",Detailed visual guide set required for this topic: keep the scheduled Page image (C:/Users/qfash/Documents/New project/output/social/facebook-planner-month-2026-06-09/page-assets/2026-07-01-tasting-notes-without-snobbery-fb-page-4x5.jpg) and add 3-5 step/detail cards before reposting or future scheduling.,Comment with one trusted note,Adult 21+ only; subjective education; no claims,scheduled:facebook_page=1148511071677542_122104373337350335; facebook_group=planned; caption_refreshed_2026-06-09
2026-07-02,Group,Facebook Page + Facebook Group,discussion prompt,One-word tasting notes,"One-word tasting notes thread: no paragraph needed. Drop one word from your last cigar, then add the cue that led you there: aroma, texture, finish, or memory. 21+ only.",Luxury 1:1 word-card over dark lounge table plus a visual detail card or step image before posting,Drop one word,Adult 21+ only; subjective notes; no marketplace/pricing/inventory language,planned:needs-group-asset-and-group-post; copy_expanded_2026-06-09
2026-07-03,Page,Facebook Page + Facebook Group,infographic,Patio etiquette,"Patio etiquette guide: watch the wind, mind shared space, use the ashtray, and keep the conversation better than the smoke trail. If someone moves away, give them room without making it a thing. What patio rule matters most? 21+ only.",Detailed visual guide set required for this topic: keep the scheduled Page image (C:/Users/qfash/Documents/New project/output/social/facebook-planner-month-2026-06-09/page-assets/2026-07-03-patio-etiquette-fb-page-4x5.jpg) and add 3-5 step/detail cards before reposting or future scheduling.,Comment with one patio rule,Adult 21+ only; community etiquette; no sales or health language,scheduled:facebook_page=1148511071677542_122104373427350335; facebook_group=planned; caption_refreshed_2026-06-09
2026-07-04,Group,Facebook Page + Facebook Group,discussion prompt,Long weekend roll call,"Long weekend roll call: quiet chair, lounge table, patio, or humidor reorganization? Add the scene and the small habit that makes the cigar conversation better. 21+ only.",Luxury patriotic-neutral lounge prompt image with no official marks or fireworks focus plus a visual detail card or step image before posting,Check in with the lounge,Adult 21+ only; responsible community prompt; no marketplace language,planned:needs-group-asset-and-group-post; copy_expanded_2026-06-09
2026-07-05,Page,Facebook Page + Facebook Group,infographic,Travel humidor checklist,"Travel humidor checklist: protect the cigars, check the seal, avoid heat swings, plan the timing, and open only when you need to. What do you check first? 21+ only.",Detailed visual guide set required for this topic: keep the scheduled Page image (C:/Users/qfash/Documents/New project/output/social/facebook-planner-month-2026-06-09/page-assets/2026-07-05-travel-humidor-checklist-fb-page-4x5.jpg) and add 3-5 step/detail cards before reposting or future scheduling.,Comment with your first check,Adult 21+ only; storage education; no product promotion,scheduled:facebook_page=1148511071677542_122104373517350335; facebook_group=planned; caption_refreshed_2026-06-09
2026-07-06,Group,Facebook Page + Facebook Group,weekly thread,Humidor check,"Weekly humidor check: what is steady, what is drifting, and what did the week teach you? Add the number, the swing, or the physical cue you trust most. 21+ only.",Luxury humidor check prompt card with cedar drawer and hygrometer plus a visual detail card or step image before posting,Share the check-in,Adult 21+ only; storage discussion; no marketplace language,planned:needs-group-asset-and-group-post; copy_expanded_2026-06-09
2026-07-07,Page,Facebook Page + Facebook Group,editorial infographic,Cigar Flow explainer,"Cigar Flow guide: scan releases, craft notes, maker updates, lounge culture, and details worth saving. We turn the noise into a weekly adult 21+ reading list without marketplace posts. What should we track next? 21+ only.",Detailed visual guide set required for this topic: keep the scheduled Page image (C:/Users/qfash/Documents/New project/output/social/facebook-planner-month-2026-06-09/page-assets/2026-07-07-cigar-flow-explainer-fb-page-4x5.jpg) and add 3-5 step/detail cards before reposting or future scheduling.,Vote on the next signal,Adult 21+ only; editorial news-and-culture framing; no marketplace/pricing/inventory language,planned:awaiting_meta_schedule_window; facebook_group=planned; caption_refreshed_2026-06-09
2026-07-08,Group,Facebook Page + Facebook Group,discussion prompt,Next guide vote,"Next Yuzu guide vote: wrapper colors, ash technique, cuts, storage, pairings, tasting notes, or lounge etiquette? Vote with the visual detail you want explained. 21+ only.",Luxury 1:1 vote card with seven refined topic chips over lounge photo plus a visual detail card or step image before posting,Vote for the next guide,Adult 21+ only; planning prompt; no marketplace language,planned:needs-group-asset-and-group-post; copy_expanded_2026-06-09
